商品标题,商品ID,SKU ID,SKU名称,SKU图链接,原价（元）,计算价格（元）,库存
适用苹果iPhone17Pro全包PC手机壳16透明15硬壳4保护精孔13promax,"=""638777435246""","=""4834006429333""",全包透明PC硬壳（PP袋装）+苹果11 摄像头精孔,https://cbu01.alicdn.com/img/ibank/O1CN01qYZf1d1X38IFA8NL7_!!2210356332867-0-cib.jpg,"=""1.59""","=""""","=""958421"""
适用苹果iPhone17Pro全包PC手机壳16透明15硬壳4保护精孔13promax,"=""638777435246""","=""4834006429334""",全包透明PC硬壳（PP袋装）+苹果XR,https://cbu01.alicdn.com/img/ibank/O1CN01qYZf1d1X38IFA8NL7_!!2210356332867-0-cib.jpg,"=""1.59""","=""""","=""984197"""
适用苹果iPhone17Pro全包PC手机壳16透明15硬壳4保护精孔13promax,"=""638777435246""","=""4834006429335""",全包透明PC硬壳（PP袋装）+苹果12promax 摄像头精孔,https://cbu01.alicdn.com/img/ibank/O1CN01qYZf1d1X38IFA8NL7_!!2210356332867-0-cib.jpg,"=""1.59""","=""""","=""947230"""
适用苹果iPhone17Pro全包PC手机壳16透明15硬壳4保护精孔13promax,"=""638777435246""","=""4834006429336""",全包透明PC硬壳（PP袋装）+苹果12 摄像头精孔,https://cbu01.alicdn.com/img/ibank/O1CN01qYZf1d1X38IFA8NL7_!!2210356332867-0-cib.jpg,"=""1.59""","=""""","=""906246"""
适用苹果iPhone17Pro全包PC手机壳16透明15硬壳4保护精孔13promax,"=""638777435246""","=""4834006429337""",全包透明PC硬壳（PP袋装）+苹果12mini 摄像头大孔,https://cbu01.alicdn.com/img/ibank/O1CN01qYZf1d1X38IFA8NL7_!!2210356332867-0-cib.jpg,"=""1.59""","=""""","=""984332"""
适用苹果iPhone17Pro全包PC手机壳16透明15硬壳4保护精孔13promax,"=""638777435246""","=""4834006429338""",全包透明PC硬壳（PP袋装）+苹果12promax 摄像头大孔,https://cbu01.alicdn.com/img/ibank/O1CN01qYZf1d1X38IFA8NL7_!!2210356332867-0-cib.jpg,"=""1.59""","=""""","=""970850"""
适用苹果iPhone17Pro全包PC手机壳16透明15硬壳4保护精孔13promax,"=""638777435246""","=""4834006429340""",全包透明PC硬壳（PP袋装）+苹果11 摄像头大孔,https://cbu01.alicdn.com/img/ibank/O1CN01qYZf1d1X38IFA8NL7_!!2210356332867-0-cib.jpg,"=""1.59""","=""""","=""974831"""
适用苹果iPhone17Pro全包PC手机壳16透明15硬壳4保护精孔13promax,"=""638777435246""","=""4834006429341""",全包透明PC硬壳（PP袋装）+苹果11Pro 摄像头大孔,https://cbu01.alicdn.com/img/ibank/O1CN01qYZf1d1X38IFA8NL7_!!2210356332867-0-cib.jpg,"=""1.59""","=""""","=""990584"""
适用苹果iPhone17Pro全包PC手机壳16透明15硬壳4保护精孔13promax,"=""638777435246""","=""4834006429342""",全包透明PC硬壳（PP袋装）+苹果11Promax 摄像头大孔,https://cbu01.alicdn.com/img/ibank/O1CN01qYZf1d1X38IFA8NL7_!!2210356332867-0-cib.jpg,"=""1.59""","=""""","=""992129"""
适用苹果iPhone17Pro全包PC手机壳16透明15硬壳4保护精孔13promax,"=""638777435246""","=""4834006429343""",全包透明PC硬壳（PP袋装）+苹果11Promax 摄像头精孔,https://cbu01.alicdn.com/img/ibank/O1CN01qYZf1d1X38IFA8NL7_!!2210356332867-0-cib.jpg,"=""1.59""","=""""","=""985297"""
适用苹果iPhone17Pro全包PC手机壳16透明15硬壳4保护精孔13promax,"=""638777435246""","=""4834006429344""",全包透明PC硬壳（PP袋装）+苹果12/12pro通用 摄像头大孔,https://cbu01.alicdn.com/img/ibank/O1CN01qYZf1d1X38IFA8NL7_!!2210356332867-0-cib.jpg,"=""1.59""","=""""","=""942500"""
适用苹果iPhone17Pro全包PC手机壳16透明15硬壳4保护精孔13promax,"=""638777435246""","=""4834006429345""",全包透明PC硬壳（PP袋装）+苹果11Pro 摄像头精孔,https://cbu01.alicdn.com/img/ibank/O1CN01qYZf1d1X38IFA8NL7_!!2210356332867-0-cib.jpg,"=""1.59""","=""""","=""981483"""
适用苹果iPhone17Pro全包PC手机壳16透明15硬壳4保护精孔13promax,"=""638777435246""","=""4834006429346""",全包透明PC硬壳（PP袋装）+苹果12pro 摄像头精孔,https://cbu01.alicdn.com/img/ibank/O1CN01qYZf1d1X38IFA8NL7_!!2210356332867-0-cib.jpg,"=""1.59""","=""""","=""944598"""
适用苹果iPhone17Pro全包PC手机壳16透明15硬壳4保护精孔13promax,"=""638777435246""","=""4834006429347""",全包透明PC硬壳（PP袋装）+苹果12mini 摄像头精孔,https://cbu01.alicdn.com/img/ibank/O1CN01qYZf1d1X38IFA8NL7_!!2210356332867-0-cib.jpg,"=""1.59""","=""""","=""957831"""
适用苹果iPhone17Pro全包PC手机壳16透明15硬壳4保护精孔13promax,"=""638777435246""","=""4834006429348""",全包透明PC硬壳（PP袋装）+苹果13Pro摄像头大孔,https://cbu01.alicdn.com/img/ibank/O1CN01qYZf1d1X38IFA8NL7_!!2210356332867-0-cib.jpg,"=""1.59""","=""""","=""978401"""
适用苹果iPhone17Pro全包PC手机壳16透明15硬壳4保护精孔13promax,"=""638777435246""","=""4834006429349""",全包透明PC硬壳（PP袋装）+苹果13mini摄像头大孔,https://cbu01.alicdn.com/img/ibank/O1CN01qYZf1d1X38IFA8NL7_!!2210356332867-0-cib.jpg,"=""1.59""","=""""","=""967704"""
适用苹果iPhone17Pro全包PC手机壳16透明15硬壳4保护精孔13promax,"=""638777435246""","=""4834006429350""",全包透明PC硬壳（PP袋装）+苹果13摄像头大孔,https://cbu01.alicdn.com/img/ibank/O1CN01qYZf1d1X38IFA8NL7_!!2210356332867-0-cib.jpg,"=""1.59""","=""""","=""953870"""
适用苹果iPhone17Pro全包PC手机壳16透明15硬壳4保护精孔13promax,"=""638777435246""","=""4834006429351""",全包透明PC硬壳（PP袋装）+苹果13Promax摄像头大孔,https://cbu01.alicdn.com/img/ibank/O1CN01qYZf1d1X38IFA8NL7_!!2210356332867-0-cib.jpg,"=""1.59""","=""""","=""977476"""
适用苹果iPhone17Pro全包PC手机壳16透明15硬壳4保护精孔13promax,"=""638777435246""","=""4834006429352""",全包透明PC硬壳（PP袋装）+苹果13Pro摄像头精孔,https://cbu01.alicdn.com/img/ibank/O1CN01qYZf1d1X38IFA8NL7_!!2210356332867-0-cib.jpg,"=""1.59""","=""""","=""954510"""
适用苹果iPhone17Pro全包PC手机壳16透明15硬壳4保护精孔13promax,"=""638777435246""","=""4834006429353""",全包透明PC硬壳（PP袋装）+苹果13摄像头精孔,https://cbu01.alicdn.com/img/ibank/O1CN01qYZf1d1X38IFA8NL7_!!2210356332867-0-cib.jpg,"=""1.59""","=""""","=""932575"""
适用苹果iPhone17Pro全包PC手机壳16透明15硬壳4保护精孔13promax,"=""638777435246""","=""4834006429354""",全包透明PC硬壳（PP袋装）+苹果13Promax摄像头精孔,https://cbu01.alicdn.com/img/ibank/O1CN01qYZf1d1X38IFA8NL7_!!2210356332867-0-cib.jpg,"=""1.59""","=""""","=""963122"""
适用苹果iPhone17Pro全包PC手机壳16透明15硬壳4保护精孔13promax,"=""638777435246""","=""4834006429355""",全包透明PC硬壳（PP袋装）+苹果13mini摄像头精孔,https://cbu01.alicdn.com/img/ibank/O1CN01qYZf1d1X38IFA8NL7_!!2210356332867-0-cib.jpg,"=""1.59""","=""""","=""968636"""
适用苹果iPhone17Pro全包PC手机壳16透明15硬壳4保护精孔13promax,"=""638777435246""","=""4834006429356""",全包透明PC硬壳（PP袋装）+苹果Xs,https://cbu01.alicdn.com/img/ibank/O1CN01qYZf1d1X38IFA8NL7_!!2210356332867-0-cib.jpg,"=""1.59""","=""""","=""992975"""
适用苹果iPhone17Pro全包PC手机壳16透明15硬壳4保护精孔13promax,"=""638777435246""","=""4834006429357""",全包透明PC硬壳（PP袋装）+苹果XsMax,https://cbu01.alicdn.com/img/ibank/O1CN01qYZf1d1X38IFA8NL7_!!2210356332867-0-cib.jpg,"=""1.59""","=""""","=""986583"""
适用苹果iPhone17Pro全包PC手机壳16透明15硬壳4保护精孔13promax,"=""638777435246""","=""4834006429358""",全包透明PC硬壳（PP袋装）+苹果X,https://cbu01.alicdn.com/img/ibank/O1CN01qYZf1d1X38IFA8NL7_!!2210356332867-0-cib.jpg,"=""1.59""","=""""","=""984198"""
适用苹果iPhone17Pro全包PC手机壳16透明15硬壳4保护精孔13promax,"=""638777435246""","=""4834006429359""",全包透明PC硬壳（PP袋装）+苹果7/8,https://cbu01.alicdn.com/img/ibank/O1CN01qYZf1d1X38IFA8NL7_!!2210356332867-0-cib.jpg,"=""1.59""","=""""","=""987732"""
适用苹果iPhone17Pro全包PC手机壳16透明15硬壳4保护精孔13promax,"=""638777435246""","=""4834006429360""",全包透明PC硬壳（PP袋装）+苹果7p/8p,https://cbu01.alicdn.com/img/ibank/O1CN01qYZf1d1X38IFA8NL7_!!2210356332867-0-cib.jpg,"=""1.59""","=""""","=""992549"""
适用苹果iPhone17Pro全包PC手机壳16透明15硬壳4保护精孔13promax,"=""638777435246""","=""4834006429361""",TPU透明软壳（封口袋包装）+苹果11 摄像头精孔,https://cbu01.alicdn.com/img/ibank/O1CN012NW14V1X38EwEOhzq_!!2210356332867-0-cib.jpg,"=""1.69""","=""""","=""991040"""
适用苹果iPhone17Pro全包PC手机壳16透明15硬壳4保护精孔13promax,"=""638777435246""","=""4834006429362""",TPU透明软壳（封口袋包装）+苹果XR,https://cbu01.alicdn.com/img/ibank/O1CN012NW14V1X38EwEOhzq_!!2210356332867-0-cib.jpg,"=""1.69""","=""""","=""996444"""
适用苹果iPhone17Pro全包PC手机壳16透明15硬壳4保护精孔13promax,"=""638777435246""","=""4834006429363""",TPU透明软壳（封口袋包装）+苹果12promax 摄像头精孔,https://cbu01.alicdn.com/img/ibank/O1CN012NW14V1X38EwEOhzq_!!2210356332867-0-cib.jpg,"=""1.69""","=""""","=""993742"""
适用苹果iPhone17Pro全包PC手机壳16透明15硬壳4保护精孔13promax,"=""638777435246""","=""4834006429364""",TPU透明软壳（封口袋包装）+苹果12 摄像头精孔,https://cbu01.alicdn.com/img/ibank/O1CN012NW14V1X38EwEOhzq_!!2210356332867-0-cib.jpg,"=""1.69""","=""""","=""990371"""
适用苹果iPhone17Pro全包PC手机壳16透明15硬壳4保护精孔13promax,"=""638777435246""","=""4834006429365""",TPU透明软壳（封口袋包装）+苹果12mini 摄像头大孔,https://cbu01.alicdn.com/img/ibank/O1CN012NW14V1X38EwEOhzq_!!2210356332867-0-cib.jpg,"=""1.69""","=""""","=""998768"""
适用苹果iPhone17Pro全包PC手机壳16透明15硬壳4保护精孔13promax,"=""638777435246""","=""4834006429366""",TPU透明软壳（封口袋包装）+苹果12promax 摄像头大孔,https://cbu01.alicdn.com/img/ibank/O1CN012NW14V1X38EwEOhzq_!!2210356332867-0-cib.jpg,"=""1.69""","=""""","=""998770"""
适用苹果iPhone17Pro全包PC手机壳16透明15硬壳4保护精孔13promax,"=""638777435246""","=""4834006429371""",TPU透明软壳（封口袋包装）+苹果11Promax 摄像头精孔,https://cbu01.alicdn.com/img/ibank/O1CN012NW14V1X38EwEOhzq_!!2210356332867-0-cib.jpg,"=""1.69""","=""""","=""997245"""
适用苹果iPhone17Pro全包PC手机壳16透明15硬壳4保护精孔13promax,"=""638777435246""","=""4834006429372""",TPU透明软壳（封口袋包装）+苹果12/12pro通用 摄像头大孔,https://cbu01.alicdn.com/img/ibank/O1CN012NW14V1X38EwEOhzq_!!2210356332867-0-cib.jpg,"=""1.69""","=""""","=""995621"""
适用苹果iPhone17Pro全包PC手机壳16透明15硬壳4保护精孔13promax,"=""638777435246""","=""4834006429373""",TPU透明软壳（封口袋包装）+苹果11Pro 摄像头精孔,https://cbu01.alicdn.com/img/ibank/O1CN012NW14V1X38EwEOhzq_!!2210356332867-0-cib.jpg,"=""1.69""","=""""","=""997659"""
适用苹果iPhone17Pro全包PC手机壳16透明15硬壳4保护精孔13promax,"=""638777435246""","=""4834006429374""",TPU透明软壳（封口袋包装）+苹果12pro 摄像头精孔,https://cbu01.alicdn.com/img/ibank/O1CN012NW14V1X38EwEOhzq_!!2210356332867-0-cib.jpg,"=""1.69""","=""""","=""994508"""
适用苹果iPhone17Pro全包PC手机壳16透明15硬壳4保护精孔13promax,"=""638777435246""","=""4834006429375""",TPU透明软壳（封口袋包装）+苹果12mini 摄像头精孔,https://cbu01.alicdn.com/img/ibank/O1CN012NW14V1X38EwEOhzq_!!2210356332867-0-cib.jpg,"=""1.69""","=""""","=""997409"""
适用苹果iPhone17Pro全包PC手机壳16透明15硬壳4保护精孔13promax,"=""638777435246""","=""4834006429376""",TPU透明软壳（封口袋包装）+苹果13Pro摄像头大孔,https://cbu01.alicdn.com/img/ibank/O1CN012NW14V1X38EwEOhzq_!!2210356332867-0-cib.jpg,"=""1.69""","=""""","=""997381"""
适用苹果iPhone17Pro全包PC手机壳16透明15硬壳4保护精孔13promax,"=""638777435246""","=""4834006429377""",TPU透明软壳（封口袋包装）+苹果13mini摄像头大孔,https://cbu01.alicdn.com/img/ibank/O1CN012NW14V1X38EwEOhzq_!!2210356332867-0-cib.jpg,"=""1.69""","=""""","=""996492"""
适用苹果iPhone17Pro全包PC手机壳16透明15硬壳4保护精孔13promax,"=""638777435246""","=""4834006429378""",TPU透明软壳（封口袋包装）+苹果13摄像头大孔,https://cbu01.alicdn.com/img/ibank/O1CN012NW14V1X38EwEOhzq_!!2210356332867-0-cib.jpg,"=""1.69""","=""""","=""995721"""
适用苹果iPhone17Pro全包PC手机壳16透明15硬壳4保护精孔13promax,"=""638777435246""","=""4834006429379""",TPU透明软壳（封口袋包装）+苹果13Promax摄像头大孔,https://cbu01.alicdn.com/img/ibank/O1CN012NW14V1X38EwEOhzq_!!2210356332867-0-cib.jpg,"=""1.69""","=""""","=""997013"""
适用苹果iPhone17Pro全包PC手机壳16透明15硬壳4保护精孔13promax,"=""638777435246""","=""4834006429380""",TPU透明软壳（封口袋包装）+苹果13Pro摄像头精孔,https://cbu01.alicdn.com/img/ibank/O1CN012NW14V1X38EwEOhzq_!!2210356332867-0-cib.jpg,"=""1.69""","=""""","=""991804"""
适用苹果iPhone17Pro全包PC手机壳16透明15硬壳4保护精孔13promax,"=""638777435246""","=""4834006429381""",TPU透明软壳（封口袋包装）+苹果13摄像头精孔,https://cbu01.alicdn.com/img/ibank/O1CN012NW14V1X38EwEOhzq_!!2210356332867-0-cib.jpg,"=""1.69""","=""""","=""975840"""
适用苹果iPhone17Pro全包PC手机壳16透明15硬壳4保护精孔13promax,"=""638777435246""","=""4834006429382""",TPU透明软壳（封口袋包装）+苹果13Promax摄像头精孔,https://cbu01.alicdn.com/img/ibank/O1CN012NW14V1X38EwEOhzq_!!2210356332867-0-cib.jpg,"=""1.69""","=""""","=""990716"""
适用苹果iPhone17Pro全包PC手机壳16透明15硬壳4保护精孔13promax,"=""638777435246""","=""4834006429383""",TPU透明软壳（封口袋包装）+苹果13mini摄像头精孔,https://cbu01.alicdn.com/img/ibank/O1CN012NW14V1X38EwEOhzq_!!2210356332867-0-cib.jpg,"=""1.69""","=""""","=""996867"""
适用苹果iPhone17Pro全包PC手机壳16透明15硬壳4保护精孔13promax,"=""638777435246""","=""4834006429384""",TPU透明软壳（封口袋包装）+苹果Xs,https://cbu01.alicdn.com/img/ibank/O1CN012NW14V1X38EwEOhzq_!!2210356332867-0-cib.jpg,"=""1.69""","=""""","=""998800"""
适用苹果iPhone17Pro全包PC手机壳16透明15硬壳4保护精孔13promax,"=""638777435246""","=""4834006429385""",TPU透明软壳（封口袋包装）+苹果XsMax,https://cbu01.alicdn.com/img/ibank/O1CN012NW14V1X38EwEOhzq_!!2210356332867-0-cib.jpg,"=""1.69""","=""""","=""997342"""
适用苹果iPhone17Pro全包PC手机壳16透明15硬壳4保护精孔13promax,"=""638777435246""","=""4834006429386""",TPU透明软壳（封口袋包装）+苹果X,https://cbu01.alicdn.com/img/ibank/O1CN012NW14V1X38EwEOhzq_!!2210356332867-0-cib.jpg,"=""1.69""","=""""","=""996112"""
适用苹果iPhone17Pro全包PC手机壳16透明15硬壳4保护精孔13promax,"=""638777435246""","=""4834006429387""",TPU透明软壳（封口袋包装）+苹果7/8,https://cbu01.alicdn.com/img/ibank/O1CN012NW14V1X38EwEOhzq_!!2210356332867-0-cib.jpg,"=""1.69""","=""""","=""178986"""
适用苹果iPhone17Pro全包PC手机壳16透明15硬壳4保护精孔13promax,"=""638777435246""","=""4834006429388""",TPU透明软壳（封口袋包装）+苹果7p/8p,https://cbu01.alicdn.com/img/ibank/O1CN012NW14V1X38EwEOhzq_!!2210356332867-0-cib.jpg,"=""1.69""","=""""","=""183444"""
适用苹果iPhone17Pro全包PC手机壳16透明15硬壳4保护精孔13promax,"=""638777435246""","=""5032910738159""",透明四角防摔软壳（封口袋包装）+苹果11 摄像头精孔,https://cbu01.alicdn.com/img/ibank/O1CN01pVLudT1X38HbuReGl_!!2210356332867-0-cib.jpg,"=""2.5""","=""""","=""998769"""
适用苹果iPhone17Pro全包PC手机壳16透明15硬壳4保护精孔13promax,"=""638777435246""","=""5032910738160""",透明四角防摔软壳（封口袋包装）+苹果XR,https://cbu01.alicdn.com/img/ibank/O1CN01pVLudT1X38HbuReGl_!!2210356332867-0-cib.jpg,"=""2.5""","=""""","=""999487"""
适用苹果iPhone17Pro全包PC手机壳16透明15硬壳4保护精孔13promax,"=""638777435246""","=""5032910738161""",透明四角防摔软壳（封口袋包装）+苹果12promax 摄像头精孔,https://cbu01.alicdn.com/img/ibank/O1CN01pVLudT1X38HbuReGl_!!2210356332867-0-cib.jpg,"=""2.5""","=""""","=""998856"""
适用苹果iPhone17Pro全包PC手机壳16透明15硬壳4保护精孔13promax,"=""638777435246""","=""5032910738162""",透明四角防摔软壳（封口袋包装）+苹果12 摄像头精孔,https://cbu01.alicdn.com/img/ibank/O1CN01pVLudT1X38HbuReGl_!!2210356332867-0-cib.jpg,"=""2.5""","=""""","=""998327"""
适用苹果iPhone17Pro全包PC手机壳16透明15硬壳4保护精孔13promax,"=""638777435246""","=""5032910738169""",透明四角防摔软壳（封口袋包装）+苹果11Promax 摄像头精孔,https://cbu01.alicdn.com/img/ibank/O1CN01pVLudT1X38HbuReGl_!!2210356332867-0-cib.jpg,"=""2.5""","=""""","=""999332"""
适用苹果iPhone17Pro全包PC手机壳16透明15硬壳4保护精孔13promax,"=""638777435246""","=""5032910738171""",透明四角防摔软壳（封口袋包装）+苹果11Pro 摄像头精孔,https://cbu01.alicdn.com/img/ibank/O1CN01pVLudT1X38HbuReGl_!!2210356332867-0-cib.jpg,"=""2.5""","=""""","=""999483"""
适用苹果iPhone17Pro全包PC手机壳16透明15硬壳4保护精孔13promax,"=""638777435246""","=""5032910738172""",透明四角防摔软壳（封口袋包装）+苹果12pro 摄像头精孔,https://cbu01.alicdn.com/img/ibank/O1CN01pVLudT1X38HbuReGl_!!2210356332867-0-cib.jpg,"=""2.5""","=""""","=""998902"""
适用苹果iPhone17Pro全包PC手机壳16透明15硬壳4保护精孔13promax,"=""638777435246""","=""5032910738173""",透明四角防摔软壳（封口袋包装）+苹果12mini 摄像头精孔,https://cbu01.alicdn.com/img/ibank/O1CN01pVLudT1X38HbuReGl_!!2210356332867-0-cib.jpg,"=""2.5""","=""""","=""999342"""
适用苹果iPhone17Pro全包PC手机壳16透明15硬壳4保护精孔13promax,"=""638777435246""","=""5032910738178""",透明四角防摔软壳（封口袋包装）+苹果13Pro摄像头精孔,https://cbu01.alicdn.com/img/ibank/O1CN01pVLudT1X38HbuReGl_!!2210356332867-0-cib.jpg,"=""2.5""","=""""","=""997306"""
适用苹果iPhone17Pro全包PC手机壳16透明15硬壳4保护精孔13promax,"=""638777435246""","=""5032910738179""",透明四角防摔软壳（封口袋包装）+苹果13摄像头精孔,https://cbu01.alicdn.com/img/ibank/O1CN01pVLudT1X38HbuReGl_!!2210356332867-0-cib.jpg,"=""2.5""","=""""","=""994922"""
适用苹果iPhone17Pro全包PC手机壳16透明15硬壳4保护精孔13promax,"=""638777435246""","=""5032910738180""",透明四角防摔软壳（封口袋包装）+苹果13Promax摄像头精孔,https://cbu01.alicdn.com/img/ibank/O1CN01pVLudT1X38HbuReGl_!!2210356332867-0-cib.jpg,"=""2.5""","=""""","=""997258"""
适用苹果iPhone17Pro全包PC手机壳16透明15硬壳4保护精孔13promax,"=""638777435246""","=""5032910738181""",透明四角防摔软壳（封口袋包装）+苹果13mini摄像头精孔,https://cbu01.alicdn.com/img/ibank/O1CN01pVLudT1X38HbuReGl_!!2210356332867-0-cib.jpg,"=""2.5""","=""""","=""998896"""
适用苹果iPhone17Pro全包PC手机壳16透明15硬壳4保护精孔13promax,"=""638777435246""","=""5032910738182""",透明四角防摔软壳（封口袋包装）+苹果Xs,https://cbu01.alicdn.com/img/ibank/O1CN01pVLudT1X38HbuReGl_!!2210356332867-0-cib.jpg,"=""2.5""","=""""","=""999720"""
适用苹果iPhone17Pro全包PC手机壳16透明15硬壳4保护精孔13promax,"=""638777435246""","=""5032910738191""",透明四角防摔软壳（封口袋包装）+苹果XsMax,https://cbu01.alicdn.com/img/ibank/O1CN01pVLudT1X38HbuReGl_!!2210356332867-0-cib.jpg,"=""2.5""","=""""","=""999466"""
适用苹果iPhone17Pro全包PC手机壳16透明15硬壳4保护精孔13promax,"=""638777435246""","=""5032910738192""",透明四角防摔软壳（封口袋包装）+苹果X,https://cbu01.alicdn.com/img/ibank/O1CN01pVLudT1X38HbuReGl_!!2210356332867-0-cib.jpg,"=""2.5""","=""""","=""999578"""
适用苹果iPhone17Pro全包PC手机壳16透明15硬壳4保护精孔13promax,"=""638777435246""","=""5032910738193""",透明四角防摔软壳（封口袋包装）+苹果7/8,https://cbu01.alicdn.com/img/ibank/O1CN01pVLudT1X38HbuReGl_!!2210356332867-0-cib.jpg,"=""2.5""","=""""","=""999608"""
适用苹果iPhone17Pro全包PC手机壳16透明15硬壳4保护精孔13promax,"=""638777435246""","=""5032910738194""",透明四角防摔软壳（封口袋包装）+苹果7p/8p,https://cbu01.alicdn.com/img/ibank/O1CN01pVLudT1X38HbuReGl_!!2210356332867-0-cib.jpg,"=""2.5""","=""""","=""999546"""
适用苹果iPhone17Pro全包PC手机壳16透明15硬壳4保护精孔13promax,"=""638777435246""","=""5034041382557""",全包透明PC硬壳（PP袋装）+SE2/SE3,https://cbu01.alicdn.com/img/ibank/O1CN01qYZf1d1X38IFA8NL7_!!2210356332867-0-cib.jpg,"=""1.59""","=""""","=""990932"""
适用苹果iPhone17Pro全包PC手机壳16透明15硬壳4保护精孔13promax,"=""638777435246""","=""5034041382558""",TPU透明软壳（封口袋包装）+SE2/SE3,https://cbu01.alicdn.com/img/ibank/O1CN012NW14V1X38EwEOhzq_!!2210356332867-0-cib.jpg,"=""1.69""","=""""","=""198576"""
适用苹果iPhone17Pro全包PC手机壳16透明15硬壳4保护精孔13promax,"=""638777435246""","=""5034041382559""",透明四角防摔软壳（封口袋包装）+SE2/SE3,https://cbu01.alicdn.com/img/ibank/O1CN01pVLudT1X38HbuReGl_!!2210356332867-0-cib.jpg,"=""2.5""","=""""","=""999888"""
适用苹果iPhone17Pro全包PC手机壳16透明15硬壳4保护精孔13promax,"=""638777435246""","=""5049364702145""",全包透明PC硬壳（PP袋装）+苹果14摄像头大孔,https://cbu01.alicdn.com/img/ibank/O1CN01qYZf1d1X38IFA8NL7_!!2210356332867-0-cib.jpg,"=""1.59""","=""""","=""836889"""
适用苹果iPhone17Pro全包PC手机壳16透明15硬壳4保护精孔13promax,"=""638777435246""","=""5049364702146""",全包透明PC硬壳（PP袋装）+苹果14Pro摄像头大孔,https://cbu01.alicdn.com/img/ibank/O1CN01qYZf1d1X38IFA8NL7_!!2210356332867-0-cib.jpg,"=""1.59""","=""""","=""894291"""
适用苹果iPhone17Pro全包PC手机壳16透明15硬壳4保护精孔13promax,"=""638777435246""","=""5049364702148""",全包透明PC硬壳（PP袋装）+苹果14Promax摄像头大孔,https://cbu01.alicdn.com/img/ibank/O1CN01qYZf1d1X38IFA8NL7_!!2210356332867-0-cib.jpg,"=""1.59""","=""""","=""944260"""
适用苹果iPhone17Pro全包PC手机壳16透明15硬壳4保护精孔13promax,"=""638777435246""","=""5049364702149""",全包透明PC硬壳（PP袋装）+苹果14摄像头精孔,https://cbu01.alicdn.com/img/ibank/O1CN01qYZf1d1X38IFA8NL7_!!2210356332867-0-cib.jpg,"=""1.59""","=""""","=""929214"""
适用苹果iPhone17Pro全包PC手机壳16透明15硬壳4保护精孔13promax,"=""638777435246""","=""5049364702150""",全包透明PC硬壳（PP袋装）+苹果14Pro摄像头精孔,https://cbu01.alicdn.com/img/ibank/O1CN01qYZf1d1X38IFA8NL7_!!2210356332867-0-cib.jpg,"=""1.59""","=""""","=""920860"""
适用苹果iPhone17Pro全包PC手机壳16透明15硬壳4保护精孔13promax,"=""638777435246""","=""5049364702152""",全包透明PC硬壳（PP袋装）+苹果14Promax摄像头精孔,https://cbu01.alicdn.com/img/ibank/O1CN01qYZf1d1X38IFA8NL7_!!2210356332867-0-cib.jpg,"=""1.59""","=""""","=""942703"""
适用苹果iPhone17Pro全包PC手机壳16透明15硬壳4保护精孔13promax,"=""638777435246""","=""5049364702153""",TPU透明软壳（封口袋包装）+苹果14摄像头大孔,https://cbu01.alicdn.com/img/ibank/O1CN012NW14V1X38EwEOhzq_!!2210356332867-0-cib.jpg,"=""1.69""","=""""","=""994388"""
适用苹果iPhone17Pro全包PC手机壳16透明15硬壳4保护精孔13promax,"=""638777435246""","=""5049364702154""",TPU透明软壳（封口袋包装）+苹果14Pro摄像头大孔,https://cbu01.alicdn.com/img/ibank/O1CN012NW14V1X38EwEOhzq_!!2210356332867-0-cib.jpg,"=""1.69""","=""""","=""993744"""
适用苹果iPhone17Pro全包PC手机壳16透明15硬壳4保护精孔13promax,"=""638777435246""","=""5049364702156""",TPU透明软壳（封口袋包装）+苹果14Promax摄像头大孔,https://cbu01.alicdn.com/img/ibank/O1CN012NW14V1X38EwEOhzq_!!2210356332867-0-cib.jpg,"=""1.69""","=""""","=""993795"""
适用苹果iPhone17Pro全包PC手机壳16透明15硬壳4保护精孔13promax,"=""638777435246""","=""5049364702157""",TPU透明软壳（封口袋包装）+苹果14摄像头精孔,https://cbu01.alicdn.com/img/ibank/O1CN012NW14V1X38EwEOhzq_!!2210356332867-0-cib.jpg,"=""1.69""","=""""","=""982901"""
适用苹果iPhone17Pro全包PC手机壳16透明15硬壳4保护精孔13promax,"=""638777435246""","=""5049364702158""",TPU透明软壳（封口袋包装）+苹果14Pro摄像头精孔,https://cbu01.alicdn.com/img/ibank/O1CN012NW14V1X38EwEOhzq_!!2210356332867-0-cib.jpg,"=""1.69""","=""""","=""983489"""
适用苹果iPhone17Pro全包PC手机壳16透明15硬壳4保护精孔13promax,"=""638777435246""","=""5049364702160""",TPU透明软壳（封口袋包装）+苹果14Promax摄像头精孔,https://cbu01.alicdn.com/img/ibank/O1CN012NW14V1X38EwEOhzq_!!2210356332867-0-cib.jpg,"=""1.69""","=""""","=""983287"""
适用苹果iPhone17Pro全包PC手机壳16透明15硬壳4保护精孔13promax,"=""638777435246""","=""5049364702161""",透明四角防摔软壳（封口袋包装）+苹果14摄像头大孔,https://cbu01.alicdn.com/img/ibank/O1CN01pVLudT1X38HbuReGl_!!2210356332867-0-cib.jpg,"=""2.5""","=""""","=""999490"""
适用苹果iPhone17Pro全包PC手机壳16透明15硬壳4保护精孔13promax,"=""638777435246""","=""5049364702162""",透明四角防摔软壳（封口袋包装）+苹果14Pro摄像头大孔,https://cbu01.alicdn.com/img/ibank/O1CN01pVLudT1X38HbuReGl_!!2210356332867-0-cib.jpg,"=""2.5""","=""""","=""999058"""
适用苹果iPhone17Pro全包PC手机壳16透明15硬壳4保护精孔13promax,"=""638777435246""","=""5049364702164""",透明四角防摔软壳（封口袋包装）+苹果14Promax摄像头大孔,https://cbu01.alicdn.com/img/ibank/O1CN01pVLudT1X38HbuReGl_!!2210356332867-0-cib.jpg,"=""2.5""","=""""","=""999154"""
适用苹果iPhone17Pro全包PC手机壳16透明15硬壳4保护精孔13promax,"=""638777435246""","=""5049364702165""",透明四角防摔软壳（封口袋包装）+苹果14摄像头精孔,https://cbu01.alicdn.com/img/ibank/O1CN01pVLudT1X38HbuReGl_!!2210356332867-0-cib.jpg,"=""2.5""","=""""","=""994117"""
适用苹果iPhone17Pro全包PC手机壳16透明15硬壳4保护精孔13promax,"=""638777435246""","=""5049364702166""",透明四角防摔软壳（封口袋包装）+苹果14Pro摄像头精孔,https://cbu01.alicdn.com/img/ibank/O1CN01pVLudT1X38HbuReGl_!!2210356332867-0-cib.jpg,"=""2.5""","=""""","=""994151"""
适用苹果iPhone17Pro全包PC手机壳16透明15硬壳4保护精孔13promax,"=""638777435246""","=""5049364702168""",透明四角防摔软壳（封口袋包装）+苹果14Promax摄像头精孔,https://cbu01.alicdn.com/img/ibank/O1CN01pVLudT1X38HbuReGl_!!2210356332867-0-cib.jpg,"=""2.5""","=""""","=""994945"""
适用苹果iPhone17Pro全包PC手机壳16透明15硬壳4保护精孔13promax,"=""638777435246""","=""5058351738801""",全包透明PC硬壳（PP袋装）+苹果14plus摄像头大孔,https://cbu01.alicdn.com/img/ibank/O1CN01qYZf1d1X38IFA8NL7_!!2210356332867-0-cib.jpg,"=""1.59""","=""""","=""912569"""
适用苹果iPhone17Pro全包PC手机壳16透明15硬壳4保护精孔13promax,"=""638777435246""","=""5058351738803""",TPU透明软壳（封口袋包装）+苹果14plus摄像头大孔,https://cbu01.alicdn.com/img/ibank/O1CN012NW14V1X38EwEOhzq_!!2210356332867-0-cib.jpg,"=""1.69""","=""""","=""996648"""
适用苹果iPhone17Pro全包PC手机壳16透明15硬壳4保护精孔13promax,"=""638777435246""","=""5058351738805""",透明四角防摔软壳（封口袋包装）+苹果14plus摄像头大孔,https://cbu01.alicdn.com/img/ibank/O1CN01pVLudT1X38HbuReGl_!!2210356332867-0-cib.jpg,"=""2.5""","=""""","=""999564"""
适用苹果iPhone17Pro全包PC手机壳16透明15硬壳4保护精孔13promax,"=""638777435246""","=""5058936024724""",全包透明PC硬壳（PP袋装）+苹果14plus摄像头精孔,https://cbu01.alicdn.com/img/ibank/O1CN01qYZf1d1X38IFA8NL7_!!2210356332867-0-cib.jpg,"=""1.59""","=""""","=""968224"""
适用苹果iPhone17Pro全包PC手机壳16透明15硬壳4保护精孔13promax,"=""638777435246""","=""5058936024725""",全包透明PC硬壳（PP袋装）+苹果15摄像头精孔,https://cbu01.alicdn.com/img/ibank/O1CN01qYZf1d1X38IFA8NL7_!!2210356332867-0-cib.jpg,"=""1.59""","=""""","=""888959"""
适用苹果iPhone17Pro全包PC手机壳16透明15硬壳4保护精孔13promax,"=""638777435246""","=""5058936024726""",全包透明PC硬壳（PP袋装）+苹果15Pro摄像头精孔,https://cbu01.alicdn.com/img/ibank/O1CN01qYZf1d1X38IFA8NL7_!!2210356332867-0-cib.jpg,"=""1.59""","=""""","=""941845"""
适用苹果iPhone17Pro全包PC手机壳16透明15硬壳4保护精孔13promax,"=""638777435246""","=""5058936024727""",全包透明PC硬壳（PP袋装）+苹果15plus摄像头精孔,https://cbu01.alicdn.com/img/ibank/O1CN01qYZf1d1X38IFA8NL7_!!2210356332867-0-cib.jpg,"=""1.59""","=""""","=""987613"""
适用苹果iPhone17Pro全包PC手机壳16透明15硬壳4保护精孔13promax,"=""638777435246""","=""5058936024728""",全包透明PC硬壳（PP袋装）+苹果15Promax摄像头大孔,https://cbu01.alicdn.com/img/ibank/O1CN01qYZf1d1X38IFA8NL7_!!2210356332867-0-cib.jpg,"=""1.59""","=""""","=""992898"""
适用苹果iPhone17Pro全包PC手机壳16透明15硬壳4保护精孔13promax,"=""638777435246""","=""5058936024729""",全包透明PC硬壳（PP袋装）+苹果15Promax摄像头精孔,https://cbu01.alicdn.com/img/ibank/O1CN01qYZf1d1X38IFA8NL7_!!2210356332867-0-cib.jpg,"=""1.59""","=""""","=""959283"""
适用苹果iPhone17Pro全包PC手机壳16透明15硬壳4保护精孔13promax,"=""638777435246""","=""5058936024730""",全包透明PC硬壳（PP袋装）+苹果15plus摄像头大孔,https://cbu01.alicdn.com/img/ibank/O1CN01qYZf1d1X38IFA8NL7_!!2210356332867-0-cib.jpg,"=""1.59""","=""""","=""997773"""
适用苹果iPhone17Pro全包PC手机壳16透明15硬壳4保护精孔13promax,"=""638777435246""","=""5058936024731""",全包透明PC硬壳（PP袋装）+苹果15Pro摄像头大孔,https://cbu01.alicdn.com/img/ibank/O1CN01qYZf1d1X38IFA8NL7_!!2210356332867-0-cib.jpg,"=""1.59""","=""""","=""991680"""
适用苹果iPhone17Pro全包PC手机壳16透明15硬壳4保护精孔13promax,"=""638777435246""","=""5058936024732""",全包透明PC硬壳（PP袋装）+苹果15摄像头大孔,https://cbu01.alicdn.com/img/ibank/O1CN01qYZf1d1X38IFA8NL7_!!2210356332867-0-cib.jpg,"=""1.59""","=""""","=""992239"""
适用苹果iPhone17Pro全包PC手机壳16透明15硬壳4保护精孔13promax,"=""638777435246""","=""5058936024736""",TPU透明软壳（封口袋包装）+苹果14plus摄像头精孔,https://cbu01.alicdn.com/img/ibank/O1CN012NW14V1X38EwEOhzq_!!2210356332867-0-cib.jpg,"=""1.69""","=""""","=""993892"""
适用苹果iPhone17Pro全包PC手机壳16透明15硬壳4保护精孔13promax,"=""638777435246""","=""5058936024737""",TPU透明软壳（封口袋包装）+苹果15摄像头精孔,https://cbu01.alicdn.com/img/ibank/O1CN012NW14V1X38EwEOhzq_!!2210356332867-0-cib.jpg,"=""1.69""","=""""","=""182166"""
适用苹果iPhone17Pro全包PC手机壳16透明15硬壳4保护精孔13promax,"=""638777435246""","=""5058936024738""",TPU透明软壳（封口袋包装）+苹果15Pro摄像头精孔,https://cbu01.alicdn.com/img/ibank/O1CN012NW14V1X38EwEOhzq_!!2210356332867-0-cib.jpg,"=""1.69""","=""""","=""184045"""
适用苹果iPhone17Pro全包PC手机壳16透明15硬壳4保护精孔13promax,"=""638777435246""","=""5058936024739""",TPU透明软壳（封口袋包装）+苹果15plus摄像头精孔,https://cbu01.alicdn.com/img/ibank/O1CN012NW14V1X38EwEOhzq_!!2210356332867-0-cib.jpg,"=""1.69""","=""""","=""190799"""
适用苹果iPhone17Pro全包PC手机壳16透明15硬壳4保护精孔13promax,"=""638777435246""","=""5058936024740""",TPU透明软壳（封口袋包装）+苹果15Promax摄像头大孔,https://cbu01.alicdn.com/img/ibank/O1CN012NW14V1X38EwEOhzq_!!2210356332867-0-cib.jpg,"=""1.69""","=""""","=""197347"""
适用苹果iPhone17Pro全包PC手机壳16透明15硬壳4保护精孔13promax,"=""638777435246""","=""5058936024741""",TPU透明软壳（封口袋包装）+苹果15Promax摄像头精孔,https://cbu01.alicdn.com/img/ibank/O1CN012NW14V1X38EwEOhzq_!!2210356332867-0-cib.jpg,"=""1.69""","=""""","=""182000"""
适用苹果iPhone17Pro全包PC手机壳16透明15硬壳4保护精孔13promax,"=""638777435246""","=""5058936024742""",TPU透明软壳（封口袋包装）+苹果15plus摄像头大孔,https://cbu01.alicdn.com/img/ibank/O1CN012NW14V1X38EwEOhzq_!!2210356332867-0-cib.jpg,"=""1.69""","=""""","=""198394"""
适用苹果iPhone17Pro全包PC手机壳16透明15硬壳4保护精孔13promax,"=""638777435246""","=""5058936024743""",TPU透明软壳（封口袋包装）+苹果15Pro摄像头大孔,https://cbu01.alicdn.com/img/ibank/O1CN012NW14V1X38EwEOhzq_!!2210356332867-0-cib.jpg,"=""1.69""","=""""","=""196659"""
适用苹果iPhone17Pro全包PC手机壳16透明15硬壳4保护精孔13promax,"=""638777435246""","=""5058936024744""",TPU透明软壳（封口袋包装）+苹果15摄像头大孔,https://cbu01.alicdn.com/img/ibank/O1CN012NW14V1X38EwEOhzq_!!2210356332867-0-cib.jpg,"=""1.69""","=""""","=""197312"""
适用苹果iPhone17Pro全包PC手机壳16透明15硬壳4保护精孔13promax,"=""638777435246""","=""5058936024755""",透明四角防摔软壳（封口袋包装）+苹果14plus摄像头精孔,https://cbu01.alicdn.com/img/ibank/O1CN01pVLudT1X38HbuReGl_!!2210356332867-0-cib.jpg,"=""2.5""","=""""","=""998735"""
适用苹果iPhone17Pro全包PC手机壳16透明15硬壳4保护精孔13promax,"=""638777435246""","=""5058936024756""",透明四角防摔软壳（封口袋包装）+苹果15摄像头精孔,https://cbu01.alicdn.com/img/ibank/O1CN01pVLudT1X38HbuReGl_!!2210356332867-0-cib.jpg,"=""2.5""","=""""","=""997534"""
适用苹果iPhone17Pro全包PC手机壳16透明15硬壳4保护精孔13promax,"=""638777435246""","=""5058936024757""",透明四角防摔软壳（封口袋包装）+苹果15Pro摄像头精孔,https://cbu01.alicdn.com/img/ibank/O1CN01pVLudT1X38HbuReGl_!!2210356332867-0-cib.jpg,"=""2.5""","=""""","=""997552"""
适用苹果iPhone17Pro全包PC手机壳16透明15硬壳4保护精孔13promax,"=""638777435246""","=""5058936024758""",透明四角防摔软壳（封口袋包装）+苹果15plus摄像头精孔,https://cbu01.alicdn.com/img/ibank/O1CN01pVLudT1X38HbuReGl_!!2210356332867-0-cib.jpg,"=""2.5""","=""""","=""998962"""
适用苹果iPhone17Pro全包PC手机壳16透明15硬壳4保护精孔13promax,"=""638777435246""","=""5058936024759""",透明四角防摔软壳（封口袋包装）+苹果15Promax摄像头大孔,https://cbu01.alicdn.com/img/ibank/O1CN01pVLudT1X38HbuReGl_!!2210356332867-0-cib.jpg,"=""2.5""","=""""","=""999837"""
适用苹果iPhone17Pro全包PC手机壳16透明15硬壳4保护精孔13promax,"=""638777435246""","=""5058936024760""",透明四角防摔软壳（封口袋包装）+苹果15Promax摄像头精孔,https://cbu01.alicdn.com/img/ibank/O1CN01pVLudT1X38HbuReGl_!!2210356332867-0-cib.jpg,"=""2.5""","=""""","=""997911"""
适用苹果iPhone17Pro全包PC手机壳16透明15硬壳4保护精孔13promax,"=""638777435246""","=""5058936024761""",透明四角防摔软壳（封口袋包装）+苹果15plus摄像头大孔,https://cbu01.alicdn.com/img/ibank/O1CN01pVLudT1X38HbuReGl_!!2210356332867-0-cib.jpg,"=""2.5""","=""""","=""999893"""
适用苹果iPhone17Pro全包PC手机壳16透明15硬壳4保护精孔13promax,"=""638777435246""","=""5058936024762""",透明四角防摔软壳（封口袋包装）+苹果15Pro摄像头大孔,https://cbu01.alicdn.com/img/ibank/O1CN01pVLudT1X38HbuReGl_!!2210356332867-0-cib.jpg,"=""2.5""","=""""","=""999839"""
适用苹果iPhone17Pro全包PC手机壳16透明15硬壳4保护精孔13promax,"=""638777435246""","=""5058936024763""",透明四角防摔软壳（封口袋包装）+苹果15摄像头大孔,https://cbu01.alicdn.com/img/ibank/O1CN01pVLudT1X38HbuReGl_!!2210356332867-0-cib.jpg,"=""2.5""","=""""","=""999706"""
适用苹果iPhone17Pro全包PC手机壳16透明15硬壳4保护精孔13promax,"=""638777435246""","=""5508728108655""",全包透明PC硬壳（PP袋装）+苹果16摄像头精孔,https://cbu01.alicdn.com/img/ibank/O1CN01qYZf1d1X38IFA8NL7_!!2210356332867-0-cib.jpg,"=""1.59""","=""""","=""867852"""
适用苹果iPhone17Pro全包PC手机壳16透明15硬壳4保护精孔13promax,"=""638777435246""","=""5508728108656""",全包透明PC硬壳（PP袋装）+苹果16Pro摄像头精孔,https://cbu01.alicdn.com/img/ibank/O1CN01qYZf1d1X38IFA8NL7_!!2210356332867-0-cib.jpg,"=""1.59""","=""""","=""942337"""
适用苹果iPhone17Pro全包PC手机壳16透明15硬壳4保护精孔13promax,"=""638777435246""","=""5508728108657""",全包透明PC硬壳（PP袋装）+苹果16plus摄像头精孔,https://cbu01.alicdn.com/img/ibank/O1CN01qYZf1d1X38IFA8NL7_!!2210356332867-0-cib.jpg,"=""1.59""","=""""","=""982823"""
适用苹果iPhone17Pro全包PC手机壳16透明15硬壳4保护精孔13promax,"=""638777435246""","=""5508728108658""",全包透明PC硬壳（PP袋装）+苹果16Promax摄像头精孔,https://cbu01.alicdn.com/img/ibank/O1CN01qYZf1d1X38IFA8NL7_!!2210356332867-0-cib.jpg,"=""1.59""","=""""","=""969298"""
适用苹果iPhone17Pro全包PC手机壳16透明15硬壳4保护精孔13promax,"=""638777435246""","=""5508728108659""",全包透明PC硬壳（PP袋装）+苹果16摄像头大孔,https://cbu01.alicdn.com/img/ibank/O1CN01qYZf1d1X38IFA8NL7_!!2210356332867-0-cib.jpg,"=""1.59""","=""""","=""989297"""
适用苹果iPhone17Pro全包PC手机壳16透明15硬壳4保护精孔13promax,"=""638777435246""","=""5508728108660""",全包透明PC硬壳（PP袋装）+苹果16Pro摄像头大孔,https://cbu01.alicdn.com/img/ibank/O1CN01qYZf1d1X38IFA8NL7_!!2210356332867-0-cib.jpg,"=""1.59""","=""""","=""989227"""
适用苹果iPhone17Pro全包PC手机壳16透明15硬壳4保护精孔13promax,"=""638777435246""","=""5508728108661""",全包透明PC硬壳（PP袋装）+苹果16plus摄像头大孔,https://cbu01.alicdn.com/img/ibank/O1CN01qYZf1d1X38IFA8NL7_!!2210356332867-0-cib.jpg,"=""1.59""","=""""","=""996188"""
适用苹果iPhone17Pro全包PC手机壳16透明15硬壳4保护精孔13promax,"=""638777435246""","=""5508728108662""",全包透明PC硬壳（PP袋装）+苹果16Promax摄像头大孔,https://cbu01.alicdn.com/img/ibank/O1CN01qYZf1d1X38IFA8NL7_!!2210356332867-0-cib.jpg,"=""1.59""","=""""","=""991184"""
适用苹果iPhone17Pro全包PC手机壳16透明15硬壳4保护精孔13promax,"=""638777435246""","=""5536832700158""",TPU透明软壳（封口袋包装）+苹果16摄像头精孔,https://cbu01.alicdn.com/img/ibank/O1CN012NW14V1X38EwEOhzq_!!2210356332867-0-cib.jpg,"=""1.69""","=""""","=""964006"""
适用苹果iPhone17Pro全包PC手机壳16透明15硬壳4保护精孔13promax,"=""638777435246""","=""5536832700159""",TPU透明软壳（封口袋包装）+苹果16Pro摄像头精孔,https://cbu01.alicdn.com/img/ibank/O1CN012NW14V1X38EwEOhzq_!!2210356332867-0-cib.jpg,"=""1.69""","=""""","=""977745"""
适用苹果iPhone17Pro全包PC手机壳16透明15硬壳4保护精孔13promax,"=""638777435246""","=""5536832700160""",TPU透明软壳（封口袋包装）+苹果16plus摄像头精孔,https://cbu01.alicdn.com/img/ibank/O1CN012NW14V1X38EwEOhzq_!!2210356332867-0-cib.jpg,"=""1.69""","=""""","=""989381"""
适用苹果iPhone17Pro全包PC手机壳16透明15硬壳4保护精孔13promax,"=""638777435246""","=""5536832700161""",TPU透明软壳（封口袋包装）+苹果16Promax摄像头精孔,https://cbu01.alicdn.com/img/ibank/O1CN012NW14V1X38EwEOhzq_!!2210356332867-0-cib.jpg,"=""1.69""","=""""","=""969333"""
适用苹果iPhone17Pro全包PC手机壳16透明15硬壳4保护精孔13promax,"=""638777435246""","=""5536832700162""",TPU透明软壳（封口袋包装）+苹果16摄像头大孔,https://cbu01.alicdn.com/img/ibank/O1CN012NW14V1X38EwEOhzq_!!2210356332867-0-cib.jpg,"=""1.69""","=""""","=""997579"""
适用苹果iPhone17Pro全包PC手机壳16透明15硬壳4保护精孔13promax,"=""638777435246""","=""5536832700163""",TPU透明软壳（封口袋包装）+苹果16Pro摄像头大孔,https://cbu01.alicdn.com/img/ibank/O1CN012NW14V1X38EwEOhzq_!!2210356332867-0-cib.jpg,"=""1.69""","=""""","=""996842"""
适用苹果iPhone17Pro全包PC手机壳16透明15硬壳4保护精孔13promax,"=""638777435246""","=""5536832700164""",TPU透明软壳（封口袋包装）+苹果16plus摄像头大孔,https://cbu01.alicdn.com/img/ibank/O1CN012NW14V1X38EwEOhzq_!!2210356332867-0-cib.jpg,"=""1.69""","=""""","=""997305"""
适用苹果iPhone17Pro全包PC手机壳16透明15硬壳4保护精孔13promax,"=""638777435246""","=""5536832700165""",TPU透明软壳（封口袋包装）+苹果16Promax摄像头大孔,https://cbu01.alicdn.com/img/ibank/O1CN012NW14V1X38EwEOhzq_!!2210356332867-0-cib.jpg,"=""1.69""","=""""","=""996816"""
适用苹果iPhone17Pro全包PC手机壳16透明15硬壳4保护精孔13promax,"=""638777435246""","=""5536832700176""",透明四角防摔软壳（封口袋包装）+苹果16摄像头精孔,https://cbu01.alicdn.com/img/ibank/O1CN01pVLudT1X38HbuReGl_!!2210356332867-0-cib.jpg,"=""2.5""","=""""","=""997545"""
适用苹果iPhone17Pro全包PC手机壳16透明15硬壳4保护精孔13promax,"=""638777435246""","=""5536832700177""",透明四角防摔软壳（封口袋包装）+苹果16Pro摄像头精孔,https://cbu01.alicdn.com/img/ibank/O1CN01pVLudT1X38HbuReGl_!!2210356332867-0-cib.jpg,"=""2.5""","=""""","=""996812"""
适用苹果iPhone17Pro全包PC手机壳16透明15硬壳4保护精孔13promax,"=""638777435246""","=""5536832700178""",透明四角防摔软壳（封口袋包装）+苹果16plus摄像头精孔,https://cbu01.alicdn.com/img/ibank/O1CN01pVLudT1X38HbuReGl_!!2210356332867-0-cib.jpg,"=""2.5""","=""""","=""997909"""
适用苹果iPhone17Pro全包PC手机壳16透明15硬壳4保护精孔13promax,"=""638777435246""","=""5536832700179""",透明四角防摔软壳（封口袋包装）+苹果16Promax摄像头精孔,https://cbu01.alicdn.com/img/ibank/O1CN01pVLudT1X38HbuReGl_!!2210356332867-0-cib.jpg,"=""2.5""","=""""","=""997183"""
适用苹果iPhone17Pro全包PC手机壳16透明15硬壳4保护精孔13promax,"=""638777435246""","=""5536832700180""",透明四角防摔软壳（封口袋包装）+苹果16摄像头大孔,https://cbu01.alicdn.com/img/ibank/O1CN01pVLudT1X38HbuReGl_!!2210356332867-0-cib.jpg,"=""2.5""","=""""","=""998365"""
适用苹果iPhone17Pro全包PC手机壳16透明15硬壳4保护精孔13promax,"=""638777435246""","=""5536832700181""",透明四角防摔软壳（封口袋包装）+苹果16Pro摄像头大孔,https://cbu01.alicdn.com/img/ibank/O1CN01pVLudT1X38HbuReGl_!!2210356332867-0-cib.jpg,"=""2.5""","=""""","=""998520"""
适用苹果iPhone17Pro全包PC手机壳16透明15硬壳4保护精孔13promax,"=""638777435246""","=""5536832700182""",透明四角防摔软壳（封口袋包装）+苹果16plus摄像头大孔,https://cbu01.alicdn.com/img/ibank/O1CN01pVLudT1X38HbuReGl_!!2210356332867-0-cib.jpg,"=""2.5""","=""""","=""998527"""
适用苹果iPhone17Pro全包PC手机壳16透明15硬壳4保护精孔13promax,"=""638777435246""","=""5536832700183""",透明四角防摔软壳（封口袋包装）+苹果16Promax摄像头大孔,https://cbu01.alicdn.com/img/ibank/O1CN01pVLudT1X38HbuReGl_!!2210356332867-0-cib.jpg,"=""2.5""","=""""","=""998520"""
适用苹果iPhone17Pro全包PC手机壳16透明15硬壳4保护精孔13promax,"=""638777435246""","=""5735349308673""",全包透明PC硬壳（PP袋装）+苹果16e/SE4摄像头精孔,https://cbu01.alicdn.com/img/ibank/O1CN01qYZf1d1X38IFA8NL7_!!2210356332867-0-cib.jpg,"=""1.59""","=""""","=""974433"""
适用苹果iPhone17Pro全包PC手机壳16透明15硬壳4保护精孔13promax,"=""638777435246""","=""5735349308674""",TPU透明软壳（封口袋包装）+苹果16e/SE4摄像头精孔,https://cbu01.alicdn.com/img/ibank/O1CN012NW14V1X38EwEOhzq_!!2210356332867-0-cib.jpg,"=""1.69""","=""""","=""997879"""
适用苹果iPhone17Pro全包PC手机壳16透明15硬壳4保护精孔13promax,"=""638777435246""","=""5735349308675""",透明四角防摔软壳（封口袋包装）+苹果16e/SE4摄像头精孔,https://cbu01.alicdn.com/img/ibank/O1CN01pVLudT1X38HbuReGl_!!2210356332867-0-cib.jpg,"=""2.5""","=""""","=""998114"""
适用苹果iPhone17Pro全包PC手机壳16透明15硬壳4保护精孔13promax,"=""638777435246""","=""6073035483107""",全包透明PC硬壳（PP袋装）+苹果17Pro摄像头大孔,https://cbu01.alicdn.com/img/ibank/O1CN01qYZf1d1X38IFA8NL7_!!2210356332867-0-cib.jpg,"=""1.59""","=""""","=""973486"""
适用苹果iPhone17Pro全包PC手机壳16透明15硬壳4保护精孔13promax,"=""638777435246""","=""6073035483108""",全包透明PC硬壳（PP袋装）+苹果17摄像头大孔,https://cbu01.alicdn.com/img/ibank/O1CN01qYZf1d1X38IFA8NL7_!!2210356332867-0-cib.jpg,"=""1.59""","=""""","=""969529"""
适用苹果iPhone17Pro全包PC手机壳16透明15硬壳4保护精孔13promax,"=""638777435246""","=""6073035483109""",全包透明PC硬壳（PP袋装）+苹果17Air摄像头大孔,https://cbu01.alicdn.com/img/ibank/O1CN01qYZf1d1X38IFA8NL7_!!2210356332867-0-cib.jpg,"=""1.59""","=""""","=""973800"""
适用苹果iPhone17Pro全包PC手机壳16透明15硬壳4保护精孔13promax,"=""638777435246""","=""6073035483110""",全包透明PC硬壳（PP袋装）+苹果17Promax摄像头大孔,https://cbu01.alicdn.com/img/ibank/O1CN01qYZf1d1X38IFA8NL7_!!2210356332867-0-cib.jpg,"=""1.59""","=""""","=""973526"""
适用苹果iPhone17Pro全包PC手机壳16透明15硬壳4保护精孔13promax,"=""638777435246""","=""6073035483111""",全包透明PC硬壳（PP袋装）+苹果17摄像头精孔,https://cbu01.alicdn.com/img/ibank/O1CN01qYZf1d1X38IFA8NL7_!!2210356332867-0-cib.jpg,"=""1.59""","=""""","=""983631"""
适用苹果iPhone17Pro全包PC手机壳16透明15硬壳4保护精孔13promax,"=""638777435246""","=""6073035483112""",全包透明PC硬壳（PP袋装）+苹果17Pro摄像头精孔,https://cbu01.alicdn.com/img/ibank/O1CN01qYZf1d1X38IFA8NL7_!!2210356332867-0-cib.jpg,"=""1.59""","=""""","=""969988"""
适用苹果iPhone17Pro全包PC手机壳16透明15硬壳4保护精孔13promax,"=""638777435246""","=""6073035483113""",全包透明PC硬壳（PP袋装）+苹果17Air摄像头精孔,https://cbu01.alicdn.com/img/ibank/O1CN01qYZf1d1X38IFA8NL7_!!2210356332867-0-cib.jpg,"=""1.59""","=""""","=""973313"""
适用苹果iPhone17Pro全包PC手机壳16透明15硬壳4保护精孔13promax,"=""638777435246""","=""6073035483114""",全包透明PC硬壳（PP袋装）+苹果17Promax摄像头精孔,https://cbu01.alicdn.com/img/ibank/O1CN01qYZf1d1X38IFA8NL7_!!2210356332867-0-cib.jpg,"=""1.59""","=""""","=""972938"""
适用苹果iPhone17Pro全包PC手机壳16透明15硬壳4保护精孔13promax,"=""638777435246""","=""6073035483115""",TPU透明软壳（封口袋包装）+苹果17Pro摄像头大孔,https://cbu01.alicdn.com/img/ibank/O1CN012NW14V1X38EwEOhzq_!!2210356332867-0-cib.jpg,"=""1.69""","=""""","=""997103"""
适用苹果iPhone17Pro全包PC手机壳16透明15硬壳4保护精孔13promax,"=""638777435246""","=""6073035483116""",TPU透明软壳（封口袋包装）+苹果17摄像头大孔,https://cbu01.alicdn.com/img/ibank/O1CN012NW14V1X38EwEOhzq_!!2210356332867-0-cib.jpg,"=""1.69""","=""""","=""997143"""
适用苹果iPhone17Pro全包PC手机壳16透明15硬壳4保护精孔13promax,"=""638777435246""","=""6073035483117""",TPU透明软壳（封口袋包装）+苹果17Air摄像头大孔,https://cbu01.alicdn.com/img/ibank/O1CN012NW14V1X38EwEOhzq_!!2210356332867-0-cib.jpg,"=""1.69""","=""""","=""997156"""
适用苹果iPhone17Pro全包PC手机壳16透明15硬壳4保护精孔13promax,"=""638777435246""","=""6073035483118""",TPU透明软壳（封口袋包装）+苹果17Promax摄像头大孔,https://cbu01.alicdn.com/img/ibank/O1CN012NW14V1X38EwEOhzq_!!2210356332867-0-cib.jpg,"=""1.69""","=""""","=""997096"""
适用苹果iPhone17Pro全包PC手机壳16透明15硬壳4保护精孔13promax,"=""638777435246""","=""6073035483119""",TPU透明软壳（封口袋包装）+苹果17摄像头精孔,https://cbu01.alicdn.com/img/ibank/O1CN012NW14V1X38EwEOhzq_!!2210356332867-0-cib.jpg,"=""1.69""","=""""","=""963874"""
适用苹果iPhone17Pro全包PC手机壳16透明15硬壳4保护精孔13promax,"=""638777435246""","=""6073035483120""",TPU透明软壳（封口袋包装）+苹果17Pro摄像头精孔,https://cbu01.alicdn.com/img/ibank/O1CN012NW14V1X38EwEOhzq_!!2210356332867-0-cib.jpg,"=""1.69""","=""""","=""963839"""
适用苹果iPhone17Pro全包PC手机壳16透明15硬壳4保护精孔13promax,"=""638777435246""","=""6073035483121""",TPU透明软壳（封口袋包装）+苹果17Air摄像头精孔,https://cbu01.alicdn.com/img/ibank/O1CN012NW14V1X38EwEOhzq_!!2210356332867-0-cib.jpg,"=""1.69""","=""""","=""964247"""
适用苹果iPhone17Pro全包PC手机壳16透明15硬壳4保护精孔13promax,"=""638777435246""","=""6073035483122""",TPU透明软壳（封口袋包装）+苹果17Promax摄像头精孔,https://cbu01.alicdn.com/img/ibank/O1CN012NW14V1X38EwEOhzq_!!2210356332867-0-cib.jpg,"=""1.69""","=""""","=""963689"""
适用苹果iPhone17Pro全包PC手机壳16透明15硬壳4保护精孔13promax,"=""638777435246""","=""6073035483168""",透明四角防摔软壳（封口袋包装）+苹果17Pro摄像头大孔,https://cbu01.alicdn.com/img/ibank/O1CN01pVLudT1X38HbuReGl_!!2210356332867-0-cib.jpg,"=""2.5""","=""""","=""998064"""
适用苹果iPhone17Pro全包PC手机壳16透明15硬壳4保护精孔13promax,"=""638777435246""","=""6073035483169""",透明四角防摔软壳（封口袋包装）+苹果17摄像头大孔,https://cbu01.alicdn.com/img/ibank/O1CN01pVLudT1X38HbuReGl_!!2210356332867-0-cib.jpg,"=""2.5""","=""""","=""998064"""
适用苹果iPhone17Pro全包PC手机壳16透明15硬壳4保护精孔13promax,"=""638777435246""","=""6073035483170""",透明四角防摔软壳（封口袋包装）+苹果17Air摄像头大孔,https://cbu01.alicdn.com/img/ibank/O1CN01pVLudT1X38HbuReGl_!!2210356332867-0-cib.jpg,"=""2.5""","=""""","=""998064"""
适用苹果iPhone17Pro全包PC手机壳16透明15硬壳4保护精孔13promax,"=""638777435246""","=""6073035483171""",透明四角防摔软壳（封口袋包装）+苹果17Promax摄像头大孔,https://cbu01.alicdn.com/img/ibank/O1CN01pVLudT1X38HbuReGl_!!2210356332867-0-cib.jpg,"=""2.5""","=""""","=""998064"""
适用苹果iPhone17Pro全包PC手机壳16透明15硬壳4保护精孔13promax,"=""638777435246""","=""6073035483172""",透明四角防摔软壳（封口袋包装）+苹果17摄像头精孔,https://cbu01.alicdn.com/img/ibank/O1CN01pVLudT1X38HbuReGl_!!2210356332867-0-cib.jpg,"=""2.5""","=""""","=""997997"""
适用苹果iPhone17Pro全包PC手机壳16透明15硬壳4保护精孔13promax,"=""638777435246""","=""6073035483173""",透明四角防摔软壳（封口袋包装）+苹果17Pro摄像头精孔,https://cbu01.alicdn.com/img/ibank/O1CN01pVLudT1X38HbuReGl_!!2210356332867-0-cib.jpg,"=""2.5""","=""""","=""997995"""
适用苹果iPhone17Pro全包PC手机壳16透明15硬壳4保护精孔13promax,"=""638777435246""","=""6073035483174""",透明四角防摔软壳（封口袋包装）+苹果17Air摄像头精孔,https://cbu01.alicdn.com/img/ibank/O1CN01pVLudT1X38HbuReGl_!!2210356332867-0-cib.jpg,"=""2.5""","=""""","=""998020"""
适用苹果iPhone17Pro全包PC手机壳16透明15硬壳4保护精孔13promax,"=""638777435246""","=""6073035483175""",透明四角防摔软壳（封口袋包装）+苹果17Promax摄像头精孔,https://cbu01.alicdn.com/img/ibank/O1CN01pVLudT1X38HbuReGl_!!2210356332867-0-cib.jpg,"=""2.5""","=""""","=""998014"""